<?xml version="1.0" encoding="UTF-8"?>
<metadata xml:lang="en"><Esri><CreaDate>20230508</CreaDate><CreaTime>11480600</CreaTime><ArcGISFormat>1.0</ArcGISFormat><SyncOnce>FALSE</SyncOnce><DataProperties><lineage><Process Name="Polylines To Polygons" ToolSource="C:\Users\acook6\AppData\Roaming\ESRI\Desktop10.3\ArcToolbox\My Toolboxes\ETGEOWIZARDS.tbx\ET_GPPolylineToPolygon" Date="20230316" Time="153046">ET_GPPolylineToPolygon Contour_MAL_2022_Q4 S:\Shared\SSU\Mapping\Data\Quarter4Data_Hotspots.gdb\Top3Hots_ASD_2022_Q4 true 500</Process><Process Name="Repair Geometry" ToolSource="c:\program files (x86)\arcgis\desktop10.3\ArcToolbox\Toolboxes\Data Management Tools.tbx\RepairGeometry" Date="20230316" Time="153052">RepairGeometry S:\Shared\SSU\Mapping\Data\Quarter4Data_Hotspots.gdb\Top3Hots_ASD_2022_Q4 DELETE_NULL</Process><Process Name="Dissolve" ToolSource="c:\program files (x86)\arcgis\desktop10.3\ArcToolbox\Toolboxes\Data Management Tools.tbx\Dissolve" Date="20230316" Time="153056">Dissolve S:\Shared\SSU\Mapping\Data\Quarter4Data_Hotspots.gdb\Top3Hots_ASD_2022_Q4 S:\Shared\SSU\Mapping\Scripts\Anvi\ModelBuilding_QuarterlyHotspots\HOTSPOTStesting.gdb\Dissolve_ASA_Test Contour # MULTI_PART DISSOLVE_LINES</Process><Process Name="Add Field" ToolSource="c:\program files (x86)\arcgis\desktop10.3\ArcToolbox\Toolboxes\Data Management Tools.tbx\AddField" Date="20230316" Time="153057">AddField S:\Shared\SSU\Mapping\Scripts\Anvi\ModelBuilding_QuarterlyHotspots\HOTSPOTStesting.gdb\Dissolve_ASA_Test Density TEXT # # # # NULLABLE NON_REQUIRED #</Process><Process Name="Calculate Field" ToolSource="c:\program files (x86)\arcgis\desktop10.3\ArcToolbox\Toolboxes\Data Management Tools.tbx\CalculateField" Date="20230316" Time="153057">CalculateField S:\Shared\SSU\Mapping\Scripts\Anvi\ModelBuilding_QuarterlyHotspots\HOTSPOTStesting.gdb\Dissolve_ASA_Test Density calcDensity(!CONTOUR!) PYTHON_9.3 "def calcDensity(Contour):\n     if Contour == 8:\n         return "Low Density"\n     elif Contour == 9:\n         return "Medium Density"\n     elif Contour == 10:\n         return "High Density"\n     else:\n         return 0"</Process><Process Name="Multipart To Singlepart" ToolSource="c:\program files (x86)\arcgis\desktop10.3\ArcToolbox\Toolboxes\Data Management Tools.tbx\MultipartToSinglepart" Date="20230316" Time="153100">MultipartToSinglepart S:\Shared\SSU\Mapping\Scripts\Anvi\ModelBuilding_QuarterlyHotspots\HOTSPOTStesting.gdb\Dissolve_ASA_Test S:\Shared\SSU\Mapping\Data\Quarter4Data_Hotspots.gdb\MultipartTop3Hots_MAL_2022_Q4</Process></lineage><itemProps><itemName Sync="TRUE">MultipartTop3Hots_MAL_2022_Q4</itemName><imsContentType Sync="TRUE">002</imsContentType><itemLocation><linkage Sync="TRUE">file://\\INTERNAL\AGDept\BCS\STJA-BCS\Shared\SSU\Mapping\Miscellaneous_Projects\2303_AC22364_OLGR_QuarterlyHotspots_22Q4\Shapefiles - CMT\MaliciousDamage_JanToDec2022</linkage><protocol Sync="TRUE">Local Area Network</protocol></itemLocation></itemProps><coordRef><type Sync="TRUE">Projected</type><geogcsn Sync="TRUE">GCS_GDA_1994</geogcsn><csUnits Sync="TRUE">Linear Unit: Meter (1.000000)</csUnits><projcsn Sync="TRUE">GDA_1994_NSW_Lambert</projcsn><peXml Sync="TRUE">&lt;ProjectedCoordinateSystem xsi:type='typens:ProjectedCoordinateSystem' xmlns:xsi='http://www.w3.org/2001/XMLSchema-instance' xmlns:xs='http://www.w3.org/2001/XMLSchema' xmlns:typens='http://www.esri.com/schemas/ArcGIS/10.3'&gt;&lt;WKT&gt;PROJCS[&amp;quot;GDA_1994_NSW_Lambert&amp;quot;,GEOGCS[&amp;quot;GCS_GDA_1994&amp;quot;,DATUM[&amp;quot;D_GDA_1994&amp;quot;,SPHEROID[&amp;quot;GRS_1980&amp;quot;,6378137.0,298.257222101]],PRIMEM[&amp;quot;Greenwich&amp;quot;,0.0],UNIT[&amp;quot;Degree&amp;quot;,0.0174532925199433]],PROJECTION[&amp;quot;Lambert_Conformal_Conic&amp;quot;],PARAMETER[&amp;quot;False_Easting&amp;quot;,9300000.0],PARAMETER[&amp;quot;False_Northing&amp;quot;,4500000.0],PARAMETER[&amp;quot;Central_Meridian&amp;quot;,147.0],PARAMETER[&amp;quot;Standard_Parallel_1&amp;quot;,-30.75],PARAMETER[&amp;quot;Standard_Parallel_2&amp;quot;,-35.75],PARAMETER[&amp;quot;Latitude_Of_Origin&amp;quot;,-33.25],UNIT[&amp;quot;Meter&amp;quot;,1.0],AUTHORITY[&amp;quot;EPSG&amp;quot;,3308]]&lt;/WKT&gt;&lt;XOrigin&gt;-28841000&lt;/XOrigin&gt;&lt;YOrigin&gt;-11011300&lt;/YOrigin&gt;&lt;XYScale&gt;118077649.44208319&lt;/XYScale&gt;&lt;ZOrigin&gt;-100000&lt;/ZOrigin&gt;&lt;ZScale&gt;10000&lt;/ZScale&gt;&lt;MOrigin&gt;-100000&lt;/MOrigin&gt;&lt;MScale&gt;10000&lt;/MScale&gt;&lt;XYTolerance&gt;0.001&lt;/XYTolerance&gt;&lt;ZTolerance&gt;0.001&lt;/ZTolerance&gt;&lt;MTolerance&gt;0.001&lt;/MTolerance&gt;&lt;HighPrecision&gt;true&lt;/HighPrecision&gt;&lt;WKID&gt;3308&lt;/WKID&gt;&lt;LatestWKID&gt;3308&lt;/LatestWKID&gt;&lt;/ProjectedCoordinateSystem&gt;</peXml></coordRef><copyHistory><copy source="S:\Shared\SSU\Mapping\Miscellaneous_Projects\2303_AC22364_OLGR_QuarterlyHotspots_22Q4\Shapefiles\MaliciousDamage_JanToDec2022" dest="\\INTERNAL\AGDept\BCS\STJA-BCS\Shared\SSU\Mapping\Miscellaneous_Projects\2303_AC22364_OLGR_QuarterlyHotspots_22Q4\Shapefiles - CMT\MaliciousDamage_JanToDec2022" date="20230508" time="11480600"></copy></copyHistory></DataProperties><SyncDate>20230316</SyncDate><SyncTime>15305900</SyncTime><ModDate>20230316</ModDate><ModTime>15305900</ModTime></Esri><dataIdInfo><envirDesc Sync="TRUE"> Version 6.2 (Build 9200) ; Esri ArcGIS 10.3.0.4322</envirDesc><dataLang><languageCode value="eng" Sync="TRUE"></languageCode><countryCode value="AUS" Sync="TRUE"></countryCode></dataLang><idCitation><resTitle Sync="TRUE">MultipartTop3Hots_MAL_2022_Q4</resTitle><presForm><PresFormCd value="005" Sync="TRUE"></PresFormCd></presForm></idCitation><spatRpType><SpatRepTypCd value="001" Sync="TRUE"></SpatRepTypCd></spatRpType></dataIdInfo><mdLang><languageCode value="eng" Sync="TRUE"></languageCode><countryCode value="AUS" Sync="TRUE"></countryCode></mdLang><distInfo><distFormat><formatName Sync="TRUE">File Geodatabase Feature Class</formatName></distFormat></distInfo><mdHrLv><ScopeCd value="005" Sync="TRUE"></ScopeCd></mdHrLv><mdHrLvName Sync="TRUE">dataset</mdHrLvName><refSysInfo><RefSystem><refSysID><identCode code="3308" Sync="TRUE"></identCode><idCodeSpace Sync="TRUE">EPSG</idCodeSpace><idVersion Sync="TRUE">8.2.6</idVersion></refSysID></RefSystem></refSysInfo><spatRepInfo><VectSpatRep><geometObjs Name="MultipartTop3Hots_MAL_2022_Q4"><geoObjTyp><GeoObjTypCd value="002" Sync="TRUE"></GeoObjTypCd></geoObjTyp><geoObjCnt Sync="TRUE">0</geoObjCnt></geometObjs><topLvl><TopoLevCd value="001" Sync="TRUE"></TopoLevCd></topLvl></VectSpatRep></spatRepInfo><spdoinfo><ptvctinf><esriterm Name="MultipartTop3Hots_MAL_2022_Q4"><efeatyp Sync="TRUE">Simple</efeatyp><efeageom code="4" Sync="TRUE"></efeageom><esritopo Sync="TRUE">FALSE</esritopo><efeacnt Sync="TRUE">0</efeacnt><spindex Sync="TRUE">TRUE</spindex><linrefer Sync="TRUE">FALSE</linrefer></esriterm></ptvctinf></spdoinfo><eainfo><detailed Name="MultipartTop3Hots_MAL_2022_Q4"><enttyp><enttypl Sync="TRUE">MultipartTop3Hots_MAL_2022_Q4</enttypl><enttypt Sync="TRUE">Feature Class</enttypt><enttypc Sync="TRUE">0</enttypc></enttyp><attr><attrlabl Sync="TRUE">OBJECTID</attrlabl><attalias Sync="TRUE">OBJECTID</attalias><attrtype Sync="TRUE">OID</attrtype><attwidth Sync="TRUE">4</attwidth><atprecis Sync="TRUE">0</atprecis><attscale Sync="TRUE">0</attscale><attrdef Sync="TRUE">Internal feature number.</attrdef><attrdefs Sync="TRUE">Esri</attrdefs><attrdomv><udom Sync="TRUE">Sequential unique whole numbers that are automatically generated.</udom></attrdomv></attr><attr><attrlabl Sync="TRUE">Shape</attrlabl><attalias Sync="TRUE">Shape</attalias><attrtype Sync="TRUE">Geometry</attrtype><attwidth Sync="TRUE">0</attwidth><atprecis Sync="TRUE">0</atprecis><attscale Sync="TRUE">0</attscale><attrdef Sync="TRUE">Feature geometry.</attrdef><attrdefs Sync="TRUE">Esri</attrdefs><attrdomv><udom Sync="TRUE">Coordinates defining the features.</udom></attrdomv></attr><attr><attrlabl Sync="TRUE">Contour</attrlabl><attalias Sync="TRUE">Contour</attalias><attrtype Sync="TRUE">Double</attrtype><attwidth Sync="TRUE">8</attwidth><atprecis Sync="TRUE">0</atprecis><attscale Sync="TRUE">0</attscale></attr><attr><attrlabl Sync="TRUE">Density</attrlabl><attalias Sync="TRUE">Density</attalias><attrtype Sync="TRUE">String</attrtype><attwidth Sync="TRUE">255</attwidth><atprecis Sync="TRUE">0</atprecis><attscale Sync="TRUE">0</attscale></attr><attr><attrlabl Sync="TRUE">ORIG_FID</attrlabl><attalias Sync="TRUE">ORIG_FID</attalias><attrtype Sync="TRUE">Integer</attrtype><attwidth Sync="TRUE">4</attwidth><atprecis Sync="TRUE">0</atprecis><attscale Sync="TRUE">0</attscale></attr><attr><attrlabl Sync="TRUE">Shape_Length</attrlabl><attalias Sync="TRUE">Shape_Length</attalias><attrtype Sync="TRUE">Double</attrtype><attwidth Sync="TRUE">8</attwidth><atprecis Sync="TRUE">0</atprecis><attscale Sync="TRUE">0</attscale><attrdef Sync="TRUE">Length of feature in internal units.</attrdef><attrdefs Sync="TRUE">Esri</attrdefs><attrdomv><udom Sync="TRUE">Positive real numbers that are automatically generated.</udom></attrdomv></attr><attr><attrlabl Sync="TRUE">Shape_Area</attrlabl><attalias Sync="TRUE">Shape_Area</attalias><attrtype Sync="TRUE">Double</attrtype><attwidth Sync="TRUE">8</attwidth><atprecis Sync="TRUE">0</atprecis><attscale Sync="TRUE">0</attscale><attrdef Sync="TRUE">Area of feature in internal units squared.</attrdef><attrdefs Sync="TRUE">Esri</attrdefs><attrdomv><udom Sync="TRUE">Positive real numbers that are automatically generated.</udom></attrdomv></attr></detailed></eainfo><mdDateSt Sync="TRUE">20230316</mdDateSt></metadata>
