<?xml version="1.0"?>
<!--<!DOCTYPE metadata SYSTEM "http://www.esri.com/metadata/esriprof80.dtd">-->
<metadata xml:lang="en"><Esri><CreaDate>20131129</CreaDate><CreaTime>16141000</CreaTime><SyncOnce>FALSE</SyncOnce><SyncDate>20111112</SyncDate><SyncTime>18191800</SyncTime><ModDate>20111112</ModDate><ModTime>18191800</ModTime><DataProperties><lineage><Process ToolSource="C:\Program Files\ArcGIS\ArcToolbox\Toolboxes\Conversion Tools.tbx\FeatureClassToFeatureClass" Date="20111112" Time="181944">FeatureClassToFeatureClass "Database Connections\Connection to GOULBDB31.sde\ATLASDB.DBO.TBLCMA_SUB_COAST" "Database Connections\Connection to DEC07236.sde" tblCMA_sub_coast # "ID 'ID' true true false 2 Short 0 5 ,First,#,Database Connections\Connection to GOULBDB31.sde\ATLASDB.DBO.TBLCMA_SUB_COAST,ID,-1,-1;DOMIBRASUB 'DOMIBRASUB' true true false 60 Text 0 0 ,First,#,Database Connections\Connection to GOULBDB31.sde\ATLASDB.DBO.TBLCMA_SUB_COAST,DOMIBRASUB,-1,-1;DIBRASUB2 'DIBRASUB2' true true false 20 Text 0 0 ,First,#,Database Connections\Connection to GOULBDB31.sde\ATLASDB.DBO.TBLCMA_SUB_COAST,DIBRASUB2,-1,-1;CMA 'CMA' true true false 50 Text 0 0 ,First,#,Database Connections\Connection to GOULBDB31.sde\ATLASDB.DBO.TBLCMA_SUB_COAST,CMA,-1,-1;SUBCMA 'SUBCMA' true true false 8 Double 8 38 ,First,#,Database Connections\Connection to GOULBDB31.sde\ATLASDB.DBO.TBLCMA_SUB_COAST,SUBCMA,-1,-1;SUBCMAPART 'SUBCMAPART' true true false 16 Text 0 0 ,First,#,Database Connections\Connection to GOULBDB31.sde\ATLASDB.DBO.TBLCMA_SUB_COAST,SUBCMAPART,-1,-1;DISPLAY1 'DISPLAY1' true true false 40 Text 0 0 ,First,#,Database Connections\Connection to GOULBDB31.sde\ATLASDB.DBO.TBLCMA_SUB_COAST,DISPLAY1,-1,-1;DISPLAY2 'DISPLAY2' true true false 40 Text 0 0 ,First,#,Database Connections\Connection to GOULBDB31.sde\ATLASDB.DBO.TBLCMA_SUB_COAST,DISPLAY2,-1,-1;LABEL 'LABEL' true true false 8 Text 0 0 ,First,#,Database Connections\Connection to GOULBDB31.sde\ATLASDB.DBO.TBLCMA_SUB_COAST,LABEL,-1,-1;DISPLAY3 'DISPLAY3' true true false 100 Text 0 0 ,First,#,Database Connections\Connection to GOULBDB31.sde\ATLASDB.DBO.TBLCMA_SUB_COAST,DISPLAY3,-1,-1;WEBDISPLAY 'WEBDISPLAY' true true false 100 Text 0 0 ,First,#,Database Connections\Connection to GOULBDB31.sde\ATLASDB.DBO.TBLCMA_SUB_COAST,WEBDISPLAY,-1,-1;ATLASDISPL 'ATLASDISPL' true true false 155 Text 0 0 ,First,#,Database Connections\Connection to GOULBDB31.sde\ATLASDB.DBO.TBLCMA_SUB_COAST,ATLASDISPL,-1,-1;Shape_STArea__ 'Shape_STArea__' true false false 8 Double 8 38 ,First,#,Database Connections\Connection to GOULBDB31.sde\ATLASDB.DBO.TBLCMA_SUB_COAST,Shape_STArea__,-1,-1;Shape_STLength__ 'Shape_STLength__' true false false 8 Double 8 38 ,First,#,Database Connections\Connection to GOULBDB31.sde\ATLASDB.DBO.TBLCMA_SUB_COAST,Shape_STLength__,-1,-1;Shape_STArea_1 'Shape_STArea_1' false false true 0 Double 0 0 ,First,#,Database Connections\Connection to GOULBDB31.sde\ATLASDB.DBO.TBLCMA_SUB_COAST,Shape.STArea(),-1,-1;Shape_STLength_1 'Shape_STLength_1' false false true 0 Double 0 0 ,First,#,Database Connections\Connection to GOULBDB31.sde\ATLASDB.DBO.TBLCMA_SUB_COAST,Shape.STLength(),-1,-1" GEOMETRY "Database Connections\Connection to DEC07236.sde\ATLASDB.DBO.tblCMA_sub_coast"</Process></lineage></DataProperties><ArcGISFormat>1.0</ArcGISFormat></Esri><idinfo><native Sync="TRUE">Microsoft Windows XP Version 5.1 (Build 2600) Service Pack 3; ESRI ArcCatalog 9.3.1.1850</native><descript><langdata Sync="TRUE">en</langdata><abstract>REQUIRED: A brief narrative summary of the data set.</abstract><purpose>REQUIRED: A summary of the intentions with which the data set was developed.</purpose></descript><citation><citeinfo><origin>REQUIRED: The name of an organization or individual that developed the data set.</origin><pubdate>REQUIRED: The date when the data set is published or otherwise made available for release.</pubdate><title Sync="TRUE">ATLASDB.DBO.tblCMA_sub_coast</title><ftname Sync="TRUE">ATLASDB.DBO.tblCMA_sub_coast</ftname><geoform Sync="TRUE">vector digital data</geoform><onlink Sync="TRUE">Server=DEC07236; Service=5154; Database=ATLASDB; User=sa; Version=dbo.DEFAULT</onlink></citeinfo></citation><timeperd><current>REQUIRED: The basis on which the time period of content information is determined.</current><timeinfo><sngdate><caldate>REQUIRED: The year (and optionally month, or month and day) for which the data set corresponds to the ground.</caldate></sngdate></timeinfo></timeperd><status><progress>REQUIRED: The state of the data set.</progress><update>REQUIRED: The frequency with which changes and additions are made to the data set after the initial data set is completed.</update></status><spdom><bounding><westbc Sync="TRUE">REQUIRED: Western-most coordinate of the limit of coverage expressed in longitude.</westbc><eastbc Sync="TRUE">REQUIRED: Eastern-most coordinate of the limit of coverage expressed in longitude.</eastbc><northbc Sync="TRUE">REQUIRED: Northern-most coordinate of the limit of coverage expressed in latitude.</northbc><southbc Sync="TRUE">REQUIRED: Southern-most coordinate of the limit of coverage expressed in latitude.</southbc></bounding></spdom><keywords><theme><themekt>REQUIRED: Reference to a formally registered thesaurus or a similar authoritative source of theme keywords.</themekt><themekey>REQUIRED: Common-use word or phrase used to describe the subject of the data set.</themekey></theme></keywords><accconst>REQUIRED: Restrictions and legal prerequisites for accessing the data set.</accconst><useconst>REQUIRED: Restrictions and legal prerequisites for using the data set after access is granted.</useconst><natvform Sync="TRUE">SDE Feature Class</natvform></idinfo><dataIdInfo><envirDesc Sync="TRUE">Microsoft Windows XP Version 5.1 (Build 2600) Service Pack 3; ESRI ArcCatalog 9.3.1.1850</envirDesc><dataLang><languageCode Sync="TRUE" value="en"></languageCode></dataLang><idCitation><resTitle Sync="TRUE">ATLASDB.DBO.tblCMA_sub_coast</resTitle><presForm><PresFormCd Sync="TRUE" value="005"></PresFormCd></presForm></idCitation><spatRpType><SpatRepTypCd Sync="TRUE" value="001"></SpatRepTypCd></spatRpType></dataIdInfo><metainfo><langmeta Sync="TRUE">en</langmeta><metstdn Sync="TRUE">FGDC Content Standards for Digital Geospatial Metadata</metstdn><metstdv Sync="TRUE">FGDC-STD-001-1998</metstdv><mettc Sync="TRUE">local time</mettc><metextns><onlink Sync="TRUE">http://www.esri.com/metadata/esriprof80.html</onlink><metprof Sync="TRUE">ESRI Metadata Profile</metprof></metextns><metc><cntinfo><cntorgp><cntper>REQUIRED: The person responsible for the metadata information.</cntper><cntorg>REQUIRED: The organization responsible for the metadata information.</cntorg></cntorgp><cntaddr><addrtype>REQUIRED: The mailing and/or physical address for the organization or individual.</addrtype><city>REQUIRED: The city of the address.</city><state>REQUIRED: The state or province of the address.</state><postal>REQUIRED: The ZIP or other postal code of the address.</postal></cntaddr><cntvoice>REQUIRED: The telephone number by which individuals can speak to the organization or individual.</cntvoice></cntinfo></metc><metd Sync="TRUE">20111112</metd></metainfo><mdLang><languageCode Sync="TRUE" value="en"></languageCode></mdLang><mdStanName Sync="TRUE">ISO 19115 Geographic Information - Metadata</mdStanName><mdStanVer Sync="TRUE">DIS_ESRI1.0</mdStanVer><mdChar><CharSetCd Sync="TRUE" value="004"></CharSetCd></mdChar><mdHrLv><ScopeCd Sync="TRUE" value="005"></ScopeCd></mdHrLv><mdHrLvName Sync="TRUE">dataset</mdHrLvName><distinfo><resdesc Sync="TRUE">Downloadable Data</resdesc></distinfo><distInfo><distributor><distorTran><onLineSrc><orDesc Sync="TRUE">002</orDesc><linkage Sync="TRUE">Server=DEC07236; Service=5154; Database=ATLASDB; User=sa; Version=dbo.DEFAULT</linkage><protocol Sync="TRUE">ArcSDE Connection</protocol></onLineSrc></distorTran><distorFormat><formatName Sync="TRUE">SDE Feature Class</formatName></distorFormat></distributor></distInfo><spdoinfo><direct Sync="TRUE">Vector</direct><ptvctinf><esriterm Name="ATLASDB.DBO.tblCMA_sub_coast"><efeatyp Sync="TRUE">Simple</efeatyp><efeageom Sync="TRUE">Polygon</efeageom><esritopo Sync="TRUE">FALSE</esritopo><efeacnt Sync="TRUE">0</efeacnt><spindex Sync="TRUE">TRUE</spindex><linrefer Sync="TRUE">FALSE</linrefer></esriterm><sdtsterm Name="ATLASDB.DBO.tblCMA_sub_coast"><sdtstype Sync="TRUE">G-polygon</sdtstype><ptvctcnt Sync="TRUE">0</ptvctcnt></sdtsterm></ptvctinf></spdoinfo><spref><horizsys><cordsysn><geogcsn Sync="TRUE">GCS_GDA_1994</geogcsn></cordsysn><geograph><geogunit Sync="TRUE">Decimal degrees</geogunit><latres Sync="TRUE">0.000000</latres><longres Sync="TRUE">0.000000</longres></geograph><geodetic><horizdn Sync="TRUE">D_GDA_1994</horizdn><ellips Sync="TRUE">Geodetic Reference System 80</ellips><semiaxis Sync="TRUE">6378137.000000</semiaxis><denflat Sync="TRUE">298.257222</denflat></geodetic></horizsys><vertdef><altsys><altenc Sync="TRUE">Explicit elevation coordinate included with horizontal coordinates</altenc><altres Sync="TRUE">1.000000</altres></altsys></vertdef></spref><refSysInfo><RefSystem><refSysID><identCode Sync="TRUE">GCS_GDA_1994</identCode></refSysID></RefSystem></refSysInfo><spatRepInfo><VectSpatRep><topLvl><TopoLevCd Sync="TRUE" value="001"></TopoLevCd></topLvl><geometObjs Name="ATLASDB.DBO.tblCMA_sub_coast"><geoObjTyp><GeoObjTypCd Sync="TRUE" value="001"></GeoObjTypCd></geoObjTyp><geoObjCnt Sync="TRUE">0</geoObjCnt></geometObjs></VectSpatRep></spatRepInfo><eainfo><detailed Name="ATLASDB.DBO.tblCMA_sub_coast"><enttyp><enttypl Sync="TRUE">ATLASDB.DBO.tblCMA_sub_coast</enttypl><enttypt Sync="TRUE">Feature Class</enttypt><enttypc Sync="TRUE">0</enttypc></enttyp><attr><attrlabl Sync="TRUE">OBJECTID</attrlabl><attalias Sync="TRUE">OBJECTID</attalias><attrtype Sync="TRUE">OID</attrtype><attwidth Sync="TRUE">4</attwidth><atprecis Sync="TRUE">10</atprecis><attscale Sync="TRUE">0</attscale><attrdef Sync="TRUE">Internal feature number.</attrdef><attrdefs Sync="TRUE">ESRI</attrdefs><attrdomv><udom Sync="TRUE">Sequential unique whole numbers that are automatically generated.</udom></attrdomv></attr><attr><attrlabl Sync="TRUE">ID</attrlabl><attalias Sync="TRUE">ID</attalias><attrtype Sync="TRUE">SmallInteger</attrtype><attwidth Sync="TRUE">2</attwidth><atprecis Sync="TRUE">5</atprecis><attscale Sync="TRUE">0</attscale></attr><attr><attrlabl Sync="TRUE">DOMIBRASUB</attrlabl><attalias Sync="TRUE">DOMIBRASUB</attalias><attrtype Sync="TRUE">String</attrtype><attwidth Sync="TRUE">60</attwidth><atprecis Sync="TRUE">0</atprecis><attscale Sync="TRUE">0</attscale></attr><attr><attrlabl Sync="TRUE">DIBRASUB2</attrlabl><attalias Sync="TRUE">DIBRASUB2</attalias><attrtype Sync="TRUE">String</attrtype><attwidth Sync="TRUE">20</attwidth><atprecis Sync="TRUE">0</atprecis><attscale Sync="TRUE">0</attscale></attr><attr><attrlabl Sync="TRUE">CMA</attrlabl><attalias Sync="TRUE">CMA</attalias><attrtype Sync="TRUE">String</attrtype><attwidth Sync="TRUE">50</attwidth><atprecis Sync="TRUE">0</atprecis><attscale Sync="TRUE">0</attscale></attr><attr><attrlabl Sync="TRUE">SUBCMA</attrlabl><attalias Sync="TRUE">SUBCMA</attalias><attrtype Sync="TRUE">Double</attrtype><attwidth Sync="TRUE">8</attwidth><atprecis Sync="TRUE">38</atprecis><attscale Sync="TRUE">8</attscale></attr><attr><attrlabl Sync="TRUE">SUBCMAPART</attrlabl><attalias Sync="TRUE">SUBCMAPART</attalias><attrtype Sync="TRUE">String</attrtype><attwidth Sync="TRUE">16</attwidth><atprecis Sync="TRUE">0</atprecis><attscale Sync="TRUE">0</attscale></attr><attr><attrlabl Sync="TRUE">DISPLAY1</attrlabl><attalias Sync="TRUE">DISPLAY1</attalias><attrtype Sync="TRUE">String</attrtype><attwidth Sync="TRUE">40</attwidth><atprecis Sync="TRUE">0</atprecis><attscale Sync="TRUE">0</attscale></attr><attr><attrlabl Sync="TRUE">DISPLAY2</attrlabl><attalias Sync="TRUE">DISPLAY2</attalias><attrtype Sync="TRUE">String</attrtype><attwidth Sync="TRUE">40</attwidth><atprecis Sync="TRUE">0</atprecis><attscale Sync="TRUE">0</attscale></attr><attr><attrlabl Sync="TRUE">LABEL</attrlabl><attalias Sync="TRUE">LABEL</attalias><attrtype Sync="TRUE">String</attrtype><attwidth Sync="TRUE">8</attwidth><atprecis Sync="TRUE">0</atprecis><attscale Sync="TRUE">0</attscale></attr><attr><attrlabl Sync="TRUE">DISPLAY3</attrlabl><attalias Sync="TRUE">DISPLAY3</attalias><attrtype Sync="TRUE">String</attrtype><attwidth Sync="TRUE">100</attwidth><atprecis Sync="TRUE">0</atprecis><attscale Sync="TRUE">0</attscale></attr><attr><attrlabl Sync="TRUE">WEBDISPLAY</attrlabl><attalias Sync="TRUE">WEBDISPLAY</attalias><attrtype Sync="TRUE">String</attrtype><attwidth Sync="TRUE">100</attwidth><atprecis Sync="TRUE">0</atprecis><attscale Sync="TRUE">0</attscale></attr><attr><attrlabl Sync="TRUE">ATLASDISPL</attrlabl><attalias Sync="TRUE">ATLASDISPL</attalias><attrtype Sync="TRUE">String</attrtype><attwidth Sync="TRUE">155</attwidth><atprecis Sync="TRUE">0</atprecis><attscale Sync="TRUE">0</attscale></attr><attr><attrlabl Sync="TRUE">Shape_STArea__</attrlabl><attalias Sync="TRUE">Shape_STArea__</attalias><attrtype Sync="TRUE">Double</attrtype><attwidth Sync="TRUE">8</attwidth><atprecis Sync="TRUE">38</atprecis><attscale Sync="TRUE">8</attscale></attr><attr><attrlabl Sync="TRUE">Shape_STLength__</attrlabl><attalias Sync="TRUE">Shape_STLength__</attalias><attrtype Sync="TRUE">Double</attrtype><attwidth Sync="TRUE">8</attwidth><atprecis Sync="TRUE">38</atprecis><attscale Sync="TRUE">8</attscale></attr><attr><attrlabl Sync="TRUE">Shape_STArea_1</attrlabl><attalias Sync="TRUE">Shape_STArea_1</attalias><attrtype Sync="TRUE">Double</attrtype><attwidth Sync="TRUE">8</attwidth><atprecis Sync="TRUE">38</atprecis><attscale Sync="TRUE">8</attscale></attr><attr><attrlabl Sync="TRUE">Shape_STLength_1</attrlabl><attalias Sync="TRUE">Shape_STLength_1</attalias><attrtype Sync="TRUE">Double</attrtype><attwidth Sync="TRUE">8</attwidth><atprecis Sync="TRUE">38</atprecis><attscale Sync="TRUE">8</attscale></attr><attr><attrlabl Sync="TRUE">Shape</attrlabl><attalias Sync="TRUE">Shape</attalias><attrtype Sync="TRUE">Geometry</attrtype><attwidth Sync="TRUE">4</attwidth><atprecis Sync="TRUE">0</atprecis><attscale Sync="TRUE">0</attscale><attrdef Sync="TRUE">Feature geometry.</attrdef><attrdefs Sync="TRUE">ESRI</attrdefs><attrdomv><udom Sync="TRUE">Coordinates defining the features.</udom></attrdomv></attr><attr><attrlabl Sync="TRUE">Shape.STArea()</attrlabl><attalias Sync="TRUE">Shape.STArea()</attalias><attrtype Sync="TRUE">Double</attrtype><attwidth Sync="TRUE">0</attwidth><atprecis Sync="TRUE">0</atprecis><attscale Sync="TRUE">0</attscale></attr><attr><attrlabl Sync="TRUE">Shape.STLength()</attrlabl><attalias Sync="TRUE">Shape.STLength()</attalias><attrtype Sync="TRUE">Double</attrtype><attwidth Sync="TRUE">0</attwidth><atprecis Sync="TRUE">0</atprecis><attscale Sync="TRUE">0</attscale></attr></detailed></eainfo><mdDateSt Sync="TRUE">20111112</mdDateSt></metadata>
